{"IcoMoonType":"selection","icons":[{"icon":{"paths":["M928 128h-832c-52.8 0-96 43.2-96 96v640c0 52.8 43.2 96 96 96h832c52.8 0 96-43.2 96-96v-640c0-52.8-43.2-96-96-96zM398.74 550.372l-270.74 210.892v-501.642l270.74 290.75zM176.38 256h671.24l-335.62 252-335.62-252zM409.288 561.698l102.712 110.302 102.71-110.302 210.554 270.302h-626.528l210.552-270.302zM625.26 550.372l270.74-290.75v501.642l-270.74-210.892z"],"tags":["envelop","mail","email","contact","letter"],"defaultCode":59717,"grid":16,"attrs":[]},"attrs":[],"properties":{"ligatures":"envelop, mail","name":"envelop","order":5,"id":70,"prevSize":32,"code":59717},"setIdx":0,"setId":1,"iconIdx":69},{"icon":{"paths":["M672 192l-320-128-352 128v768l352-128 320 128 352-128v-768l-352 128zM384 145.73l256 102.4v630.138l-256-102.398v-630.14zM64 236.828l256-93.090v631.8l-256 93.088v-631.798zM960 787.172l-256 93.092v-631.8l256-93.090v631.798z"],"tags":["map","guide"],"defaultCode":59724,"grid":16,"attrs":[]},"attrs":[],"properties":{"ligatures":"map2, guide2","name":"map2","order":3,"id":77,"prevSize":32,"code":59724},"setIdx":0,"setId":1,"iconIdx":76},{"icon":{"paths":["M736 0h-448c-52.8 0-96 43.2-96 96v832c0 52.8 43.2 96 96 96h448c52.8 0 96-43.2 96-96v-832c0-52.8-43.2-96-96-96zM384 48h256v32h-256v-32zM512 960c-35.346 0-64-28.654-64-64s28.654-64 64-64 64 28.654 64 64-28.654 64-64 64zM768 768h-512v-640h512v640z"],"tags":["mobile","cell-phone","handheld"],"defaultCode":59736,"grid":16,"attrs":[]},"attrs":[],"properties":{"ligatures":"mobile, cell-phone","name":"mobile","order":4,"id":89,"prevSize":32,"code":59736},"setIdx":0,"setId":1,"iconIdx":88}],"height":1024,"metadata":{"name":"icomoon"},"preferences":{"showGlyphs":true,"showQuickUse":true,"showQuickUse2":true,"showSVGs":true,"fontPref":{"prefix":"icon-","metadata":{"fontFamily":"icomoon","majorVersion":1,"minorVersion":0},"metrics":{"emSize":1024,"baseline":6.25,"whitespace":50},"embed":false,"showSelector":true,"selector":"class","cssVars":true,"cssVarsFormat":"scss","classSelector":".icon"},"imagePref":{"prefix":"icon-","png":true,"useClassSelector":true,"color":0,"bgColor":16777215,"classSelector":".icon","name":"icomoon"},"historySize":50,"showCodes":true,"gridSize":16}}